value,discount
0.00,0.00000
999.99,0.00000
1000.00,0.01000
1999.99,0.01000
2000.00,0.02000
2999.99,0.02000
5000.00,0.03000
10000.00,0.03000
378433.00,0.04000